Workbook
Name ChartCategories: OFFSET(Ringkasan!$B$8,0,0,MAX(1,COUNTIF(Ringkasan!$B$8:$B$507,"?*")),1)
Name ChartValues: OFFSET(Ringkasan!$C$8,0,0,MAX(1,COUNTIF(Ringkasan!$B$8:$B$507,"?*")),1)

Sheet Petunjuk
A1: TEMPLATE RAB • DESA ENERGI BERDIKARI
B4: MULAI DI SINI | C4: Isi lembar RAB 100%. Lihat Contoh Pengisian untuk contoh, lalu buka Ringkasan untuk total dan grafik otomatis.
B5: WARNA BIRU | C5: Sel yang Anda isi. Warna abu-abu berisi rumus otomatis: jangan dihapus atau diketik ulang.
B6: 1. IDENTITAS | C6: Isi nama kampus dan nama program pada lembar RAB 100%.
B7: 2. SATU ITEM PER BARIS | C7: Isi Kategori, Sub Kategori, Nama, Qty, Satuan, Volume, Satuan Volume, dan Harga Satuan. Satu baris untuk satu barang atau jasa.
B8: 3. KATEGORI | C8: Ulangi nama kategori di setiap baris. Gunakan ejaan yang sama agar biaya tergabung dalam satu kategori. Jangan menggabungkan sel.
B9: 4. PERHITUNGAN | C9: Qty adalah jumlah utama, misalnya 25 orang atau 4 unit. Volume adalah pengali, misalnya 2 hari atau 3 kali. Keduanya diisi angka positif. Jika tidak ada pengali, isi Volume = 1 dan Satuan Volume = kali.
B10: CONTOH PERHITUNGAN | C10: Konsumsi: Qty = 25; Satuan = orang; Volume = 2; Satuan Volume = hari; Harga Satuan = 25000 per orang per hari. Total Harga otomatis = Rp1.250.000.
B11: 5. HARGA SATUAN | C11: Ketik angka saja, misalnya 25000. Masukkan harga untuk satu satuan volume; pastikan komponen pajak/biaya sudah sesuai anggaran Anda.
B12: 6. PERIKSA HASIL | C12: Total Harga = Qty × Volume × Harga Satuan, dibulatkan 2 desimal. Contoh 2 orang × 4 hari × 3 kegiatan: Qty = 2 orang; Volume = 12 hari-kegiatan (4 × 3). Sel merah menandakan input belum lengkap.
B13: 7. RINGKASAN & GRAFIK | C13: Ringkasan dan grafik mengikuti isi RAB 100% secara otomatis. Tersedia 500 baris item dan sampai 500 kategori. Grafik hanya menampilkan kategori yang terisi.
B14: 8. TAMBAHAN PENTING | C14: Subtotal kategori dihitung otomatis di Ringkasan. Total Keseluruhan ada di bagian atas dan bawah tabel RAB. Jumlah tetap mencakup baris yang disembunyikan oleh filter.
B15: LEMBAR CONTOH | C15: Seluruh data pada Contoh Pengisian merupakan ilustrasi, bukan data atau anggaran kampus sebenarnya. Tidak ikut dihitung dalam Ringkasan.
B16: KOMPATIBILITAS | C16: Gunakan Excel desktop dengan Calculation Options = Automatic. File tanpa makro dan tanpa tautan ke workbook lain. Unggah untuk menambahkan item ke tabel website. Draf disimpan otomatis; lengkapi isian lalu Periksa RAB 100%. Qty, Volume, dan Harga Satuan wajib bilangan bulat tanpa desimal. Contoh tidak ikut diimpor. Jumlah dibagi dari Qty × Volume. Total RAB harus sesuai SK sebelum pengajuan.
B18: Buka RAB 100%
B19: Buka Contoh Pengisian
B20: Buka Ringkasan

Sheet RAB 100%
A1: RAB 100% • FORMULIR PENGISIAN
A4: Nama kampus | E4: Nama program
A5: BIRU: isi manual | ABU-ABU: otomatis | Total Harga = Qty × Volume × Harga Satuan | H5: Total Keseluruhan | I5: =SUM(I8:I507) -> 0
A7: Kategori | B7: Sub Kategori | C7: Nama | D7: Qty | E7: Satuan | F7: Volume | G7: Satuan Volume | H7: Harga Satuan | I7: Total Harga
I8: =IF(OR(C8="",NOT(ISNUMBER(D8)),D8<=0,NOT(ISNUMBER(F8)),F8<=0,NOT(ISNUMBER(H8)),H8<=0),"",ROUND(D8*F8*H8,2)) | J8: =IF(A8="","",IF(COUNTIF($A$8:A8,A8)=1,MAX($J$7:J7)+1,""))
I9: =IF(OR(C9="",NOT(ISNUMBER(D9)),D9<=0,NOT(ISNUMBER(F9)),F9<=0,NOT(ISNUMBER(H9)),H9<=0),"",ROUND(D9*F9*H9,2)) | J9: =IF(A9="","",IF(COUNTIF($A$8:A9,A9)=1,MAX($J$7:J8)+1,""))
I10: =IF(OR(C10="",NOT(ISNUMBER(D10)),D10<=0,NOT(ISNUMBER(F10)),F10<=0,NOT(ISNUMBER(H10)),H10<=0),"",ROUND(D10*F10*H10,2)) | J10: =IF(A10="","",IF(COUNTIF($A$8:A10,A10)=1,MAX($J$7:J9)+1,""))
I11: =IF(OR(C11="",NOT(ISNUMBER(D11)),D11<=0,NOT(ISNUMBER(F11)),F11<=0,NOT(ISNUMBER(H11)),H11<=0),"",ROUND(D11*F11*H11,2)) | J11: =IF(A11="","",IF(COUNTIF($A$8:A11,A11)=1,MAX($J$7:J10)+1,""))
I12: =IF(OR(C12="",NOT(ISNUMBER(D12)),D12<=0,NOT(ISNUMBER(F12)),F12<=0,NOT(ISNUMBER(H12)),H12<=0),"",ROUND(D12*F12*H12,2)) | J12: =IF(A12="","",IF(COUNTIF($A$8:A12,A12)=1,MAX($J$7:J11)+1,""))
I13: =IF(OR(C13="",NOT(ISNUMBER(D13)),D13<=0,NOT(ISNUMBER(F13)),F13<=0,NOT(ISNUMBER(H13)),H13<=0),"",ROUND(D13*F13*H13,2)) | J13: =IF(A13="","",IF(COUNTIF($A$8:A13,A13)=1,MAX($J$7:J12)+1,""))
I14: =IF(OR(C14="",NOT(ISNUMBER(D14)),D14<=0,NOT(ISNUMBER(F14)),F14<=0,NOT(ISNUMBER(H14)),H14<=0),"",ROUND(D14*F14*H14,2)) | J14: =IF(A14="","",IF(COUNTIF($A$8:A14,A14)=1,MAX($J$7:J13)+1,""))
I15: =IF(OR(C15="",NOT(ISNUMBER(D15)),D15<=0,NOT(ISNUMBER(F15)),F15<=0,NOT(ISNUMBER(H15)),H15<=0),"",ROUND(D15*F15*H15,2)) | J15: =IF(A15="","",IF(COUNTIF($A$8:A15,A15)=1,MAX($J$7:J14)+1,""))
I16: =IF(OR(C16="",NOT(ISNUMBER(D16)),D16<=0,NOT(ISNUMBER(F16)),F16<=0,NOT(ISNUMBER(H16)),H16<=0),"",ROUND(D16*F16*H16,2)) | J16: =IF(A16="","",IF(COUNTIF($A$8:A16,A16)=1,MAX($J$7:J15)+1,""))
I17: =IF(OR(C17="",NOT(ISNUMBER(D17)),D17<=0,NOT(ISNUMBER(F17)),F17<=0,NOT(ISNUMBER(H17)),H17<=0),"",ROUND(D17*F17*H17,2)) | J17: =IF(A17="","",IF(COUNTIF($A$8:A17,A17)=1,MAX($J$7:J16)+1,""))
I18: =IF(OR(C18="",NOT(ISNUMBER(D18)),D18<=0,NOT(ISNUMBER(F18)),F18<=0,NOT(ISNUMBER(H18)),H18<=0),"",ROUND(D18*F18*H18,2)) | J18: =IF(A18="","",IF(COUNTIF($A$8:A18,A18)=1,MAX($J$7:J17)+1,""))
I19: =IF(OR(C19="",NOT(ISNUMBER(D19)),D19<=0,NOT(ISNUMBER(F19)),F19<=0,NOT(ISNUMBER(H19)),H19<=0),"",ROUND(D19*F19*H19,2)) | J19: =IF(A19="","",IF(COUNTIF($A$8:A19,A19)=1,MAX($J$7:J18)+1,""))
... I507: =IF(OR(C507="",NOT(ISNUMBER(D507)),D507<=0,NOT(ISNUMBER(F507)),F507<=0,NOT(ISNUMBER(H507)),H507<=0),"",ROUND(D507*F507*H507,2)) | J507: =IF(A507="","",IF(COUNTIF($A$8:A507,A507)=1,MAX($J$7:J506)+1,""))
H509: Total Keseluruhan | I509: =SUM(I8:I507) -> 0

Sheet Contoh Pengisian
A1: CONTOH PENGISIAN • DATA ILUSTRASI
A4: Nama kampus | B4: Universitas Contoh | E4: Nama program | F4: Program Energi Desa
A5: BIRU: isi manual | ABU-ABU: otomatis | Total Harga = Qty × Volume × Harga Satuan | H5: Total Keseluruhan | I5: =SUM(I8:I507) -> 12585000
A7: Kategori | B7: Sub Kategori | C7: Nama | D7: Qty | E7: Satuan | F7: Volume | G7: Satuan Volume | H7: Harga Satuan | I7: Total Harga
A8: Bantuan Program | B8: Musyawarah Desa | C8: Konsumsi | D8: 25 | E8: orang | F8: 2 | G8: hari | H8: 25000 | I8: =IF(OR(C8="",NOT(ISNUMBER(D8)),D8<=0,NOT(ISNUMBER(F8)),F8<=0,NOT(ISNUMBER(H8)),H8<=0),"",ROUND(D8*F8*H8,2)) -> 1250000 | J8: =IF(A8="","",IF(COUNTIF($A$8:A8,A8)=1,MAX($J$7:J7)+1,"")) -> 1
A9: Bantuan Program | B9: Musyawarah Desa | C9: ATK | D9: 1 | E9: paket | F9: 1 | G9: kali | H9: 150000 | I9: =IF(OR(C9="",NOT(ISNUMBER(D9)),D9<=0,NOT(ISNUMBER(F9)),F9<=0,NOT(ISNUMBER(H9)),H9<=0),"",ROUND(D9*F9*H9,2)) -> 150000 | J9: =IF(A9="","",IF(COUNTIF($A$8:A9,A9)=1,MAX($J$7:J8)+1,""))
A10: Bantuan Program | B10: Instalasi PLTS | C10: Panel surya | D10: 4 | E10: unit | F10: 1 | G10: kali | H10: 2000000 | I10: =IF(OR(C10="",NOT(ISNUMBER(D10)),D10<=0,NOT(ISNUMBER(F10)),F10<=0,NOT(ISNUMBER(H10)),H10<=0),"",ROUND(D10*F10*H10,2)) -> 8000000 | J10: =IF(A10="","",IF(COUNTIF($A$8:A10,A10)=1,MAX($J$7:J9)+1,""))
A11: Bantuan Program | B11: Instalasi PLTS | C11: Jasa teknisi | D11: 2 | E11: orang | F11: 4 | G11: hari | H11: 75000 | I11: =IF(OR(C11="",NOT(ISNUMBER(D11)),D11<=0,NOT(ISNUMBER(F11)),F11<=0,NOT(ISNUMBER(H11)),H11<=0),"",ROUND(D11*F11*H11,2)) -> 600000 | J11: =IF(A11="","",IF(COUNTIF($A$8:A11,A11)=1,MAX($J$7:J10)+1,""))
A12: Bantuan Pendampingan | B12: Transportasi | C12: Transport mentor | D12: 2 | E12: orang | F12: 6 | G12: kali | H12: 80000 | I12: =IF(OR(C12="",NOT(ISNUMBER(D12)),D12<=0,NOT(ISNUMBER(F12)),F12<=0,NOT(ISNUMBER(H12)),H12<=0),"",ROUND(D12*F12*H12,2)) -> 960000 | J12: =IF(A12="","",IF(COUNTIF($A$8:A12,A12)=1,MAX($J$7:J11)+1,"")) -> 2
A13: Bantuan Pendampingan | B13: Pelatihan | C13: Penginapan | D13: 3 | E13: kamar | F13: 2 | G13: malam | H13: 200000 | I13: =IF(OR(C13="",NOT(ISNUMBER(D13)),D13<=0,NOT(ISNUMBER(F13)),F13<=0,NOT(ISNUMBER(H13)),H13<=0),"",ROUND(D13*F13*H13,2)) -> 1200000 | J13: =IF(A13="","",IF(COUNTIF($A$8:A13,A13)=1,MAX($J$7:J12)+1,""))
A14: Biaya Pendukung | B14: Pelaporan | C14: Cetak laporan | D14: 5 | E14: buku | F14: 1 | G14: kali | H14: 25000 | I14: =IF(OR(C14="",NOT(ISNUMBER(D14)),D14<=0,NOT(ISNUMBER(F14)),F14<=0,NOT(ISNUMBER(H14)),H14<=0),"",ROUND(D14*F14*H14,2)) -> 125000 | J14: =IF(A14="","",IF(COUNTIF($A$8:A14,A14)=1,MAX($J$7:J13)+1,"")) -> 3
A15: Biaya Pendukung | B15: Dokumentasi | C15: Spanduk | D15: 2 | E15: unit | F15: 1 | G15: kali | H15: 150000 | I15: =IF(OR(C15="",NOT(ISNUMBER(D15)),D15<=0,NOT(ISNUMBER(F15)),F15<=0,NOT(ISNUMBER(H15)),H15<=0),"",ROUND(D15*F15*H15,2)) -> 300000 | J15: =IF(A15="","",IF(COUNTIF($A$8:A15,A15)=1,MAX($J$7:J14)+1,""))
I16: =IF(OR(C16="",NOT(ISNUMBER(D16)),D16<=0,NOT(ISNUMBER(F16)),F16<=0,NOT(ISNUMBER(H16)),H16<=0),"",ROUND(D16*F16*H16,2)) | J16: =IF(A16="","",IF(COUNTIF($A$8:A16,A16)=1,MAX($J$7:J15)+1,""))
I17: =IF(OR(C17="",NOT(ISNUMBER(D17)),D17<=0,NOT(ISNUMBER(F17)),F17<=0,NOT(ISNUMBER(H17)),H17<=0),"",ROUND(D17*F17*H17,2)) | J17: =IF(A17="","",IF(COUNTIF($A$8:A17,A17)=1,MAX($J$7:J16)+1,""))
I18: =IF(OR(C18="",NOT(ISNUMBER(D18)),D18<=0,NOT(ISNUMBER(F18)),F18<=0,NOT(ISNUMBER(H18)),H18<=0),"",ROUND(D18*F18*H18,2)) | J18: =IF(A18="","",IF(COUNTIF($A$8:A18,A18)=1,MAX($J$7:J17)+1,""))
I19: =IF(OR(C19="",NOT(ISNUMBER(D19)),D19<=0,NOT(ISNUMBER(F19)),F19<=0,NOT(ISNUMBER(H19)),H19<=0),"",ROUND(D19*F19*H19,2)) | J19: =IF(A19="","",IF(COUNTIF($A$8:A19,A19)=1,MAX($J$7:J18)+1,""))
I20: =IF(OR(C20="",NOT(ISNUMBER(D20)),D20<=0,NOT(ISNUMBER(F20)),F20<=0,NOT(ISNUMBER(H20)),H20<=0),"",ROUND(D20*F20*H20,2)) | J20: =IF(A20="","",IF(COUNTIF($A$8:A20,A20)=1,MAX($J$7:J19)+1,""))
I21: =IF(OR(C21="",NOT(ISNUMBER(D21)),D21<=0,NOT(ISNUMBER(F21)),F21<=0,NOT(ISNUMBER(H21)),H21<=0),"",ROUND(D21*F21*H21,2)) | J21: =IF(A21="","",IF(COUNTIF($A$8:A21,A21)=1,MAX($J$7:J20)+1,""))
I22: =IF(OR(C22="",NOT(ISNUMBER(D22)),D22<=0,NOT(ISNUMBER(F22)),F22<=0,NOT(ISNUMBER(H22)),H22<=0),"",ROUND(D22*F22*H22,2)) | J22: =IF(A22="","",IF(COUNTIF($A$8:A22,A22)=1,MAX($J$7:J21)+1,""))
I23: =IF(OR(C23="",NOT(ISNUMBER(D23)),D23<=0,NOT(ISNUMBER(F23)),F23<=0,NOT(ISNUMBER(H23)),H23<=0),"",ROUND(D23*F23*H23,2)) | J23: =IF(A23="","",IF(COUNTIF($A$8:A23,A23)=1,MAX($J$7:J22)+1,""))
I24: =IF(OR(C24="",NOT(ISNUMBER(D24)),D24<=0,NOT(ISNUMBER(F24)),F24<=0,NOT(ISNUMBER(H24)),H24<=0),"",ROUND(D24*F24*H24,2)) | J24: =IF(A24="","",IF(COUNTIF($A$8:A24,A24)=1,MAX($J$7:J23)+1,""))
I25: =IF(OR(C25="",NOT(ISNUMBER(D25)),D25<=0,NOT(ISNUMBER(F25)),F25<=0,NOT(ISNUMBER(H25)),H25<=0),"",ROUND(D25*F25*H25,2)) | J25: =IF(A25="","",IF(COUNTIF($A$8:A25,A25)=1,MAX($J$7:J24)+1,""))
I26: =IF(OR(C26="",NOT(ISNUMBER(D26)),D26<=0,NOT(ISNUMBER(F26)),F26<=0,NOT(ISNUMBER(H26)),H26<=0),"",ROUND(D26*F26*H26,2)) | J26: =IF(A26="","",IF(COUNTIF($A$8:A26,A26)=1,MAX($J$7:J25)+1,""))
I27: =IF(OR(C27="",NOT(ISNUMBER(D27)),D27<=0,NOT(ISNUMBER(F27)),F27<=0,NOT(ISNUMBER(H27)),H27<=0),"",ROUND(D27*F27*H27,2)) | J27: =IF(A27="","",IF(COUNTIF($A$8:A27,A27)=1,MAX($J$7:J26)+1,""))
... I507: =IF(OR(C507="",NOT(ISNUMBER(D507)),D507<=0,NOT(ISNUMBER(F507)),F507<=0,NOT(ISNUMBER(H507)),H507<=0),"",ROUND(D507*F507*H507,2)) | J507: =IF(A507="","",IF(COUNTIF($A$8:A507,A507)=1,MAX($J$7:J506)+1,""))
H509: Total Keseluruhan | I509: =SUM(I8:I507) -> 12585000

Sheet Ringkasan
A1: RINGKASAN ANGGARAN • OTOMATIS
B4: Total seluruh RAB | D4: =SUM('RAB 100%'!I8:I507) -> 0
B5: Mengikuti RAB 100% • Kategori terisi muncul otomatis • Contoh tidak ikut dihitung.
A7: No. | B7: Kategori | C7: Total biaya (Rp) | D7: Proporsi
A8: 1 | B8: =IFERROR(INDEX('RAB 100%'!$A$8:$A$507,MATCH(A8,'RAB 100%'!$J$8:$J$507,0)),"") | C8: =IF(B8="","",SUMIF('RAB 100%'!$A$8:$A$507,B8,'RAB 100%'!$I$8:$I$507)) | D8: =IFERROR(IF(B8="","",C8/$D$4),0)
A9: 2 | B9: =IFERROR(INDEX('RAB 100%'!$A$8:$A$507,MATCH(A9,'RAB 100%'!$J$8:$J$507,0)),"") | C9: =IF(B9="","",SUMIF('RAB 100%'!$A$8:$A$507,B9,'RAB 100%'!$I$8:$I$507)) | D9: =IFERROR(IF(B9="","",C9/$D$4),0)
A10: 3 | B10: =IFERROR(INDEX('RAB 100%'!$A$8:$A$507,MATCH(A10,'RAB 100%'!$J$8:$J$507,0)),"") | C10: =IF(B10="","",SUMIF('RAB 100%'!$A$8:$A$507,B10,'RAB 100%'!$I$8:$I$507)) | D10: =IFERROR(IF(B10="","",C10/$D$4),0)
A11: 4 | B11: =IFERROR(INDEX('RAB 100%'!$A$8:$A$507,MATCH(A11,'RAB 100%'!$J$8:$J$507,0)),"") | C11: =IF(B11="","",SUMIF('RAB 100%'!$A$8:$A$507,B11,'RAB 100%'!$I$8:$I$507)) | D11: =IFERROR(IF(B11="","",C11/$D$4),0)
A12: 5 | B12: =IFERROR(INDEX('RAB 100%'!$A$8:$A$507,MATCH(A12,'RAB 100%'!$J$8:$J$507,0)),"") | C12: =IF(B12="","",SUMIF('RAB 100%'!$A$8:$A$507,B12,'RAB 100%'!$I$8:$I$507)) | D12: =IFERROR(IF(B12="","",C12/$D$4),0)
A13: 6 | B13: =IFERROR(INDEX('RAB 100%'!$A$8:$A$507,MATCH(A13,'RAB 100%'!$J$8:$J$507,0)),"") | C13: =IF(B13="","",SUMIF('RAB 100%'!$A$8:$A$507,B13,'RAB 100%'!$I$8:$I$507)) | D13: =IFERROR(IF(B13="","",C13/$D$4),0)
A14: 7 | B14: =IFERROR(INDEX('RAB 100%'!$A$8:$A$507,MATCH(A14,'RAB 100%'!$J$8:$J$507,0)),"") | C14: =IF(B14="","",SUMIF('RAB 100%'!$A$8:$A$507,B14,'RAB 100%'!$I$8:$I$507)) | D14: =IFERROR(IF(B14="","",C14/$D$4),0)
A15: 8 | B15: =IFERROR(INDEX('RAB 100%'!$A$8:$A$507,MATCH(A15,'RAB 100%'!$J$8:$J$507,0)),"") | C15: =IF(B15="","",SUMIF('RAB 100%'!$A$8:$A$507,B15,'RAB 100%'!$I$8:$I$507)) | D15: =IFERROR(IF(B15="","",C15/$D$4),0)
A16: 9 | B16: =IFERROR(INDEX('RAB 100%'!$A$8:$A$507,MATCH(A16,'RAB 100%'!$J$8:$J$507,0)),"") | C16: =IF(B16="","",SUMIF('RAB 100%'!$A$8:$A$507,B16,'RAB 100%'!$I$8:$I$507)) | D16: =IFERROR(IF(B16="","",C16/$D$4),0)
A17: 10 | B17: =IFERROR(INDEX('RAB 100%'!$A$8:$A$507,MATCH(A17,'RAB 100%'!$J$8:$J$507,0)),"") | C17: =IF(B17="","",SUMIF('RAB 100%'!$A$8:$A$507,B17,'RAB 100%'!$I$8:$I$507)) | D17: =IFERROR(IF(B17="","",C17/$D$4),0)
A18: 11 | B18: =IFERROR(INDEX('RAB 100%'!$A$8:$A$507,MATCH(A18,'RAB 100%'!$J$8:$J$507,0)),"") | C18: =IF(B18="","",SUMIF('RAB 100%'!$A$8:$A$507,B18,'RAB 100%'!$I$8:$I$507)) | D18: =IFERROR(IF(B18="","",C18/$D$4),0)
A19: 12 | B19: =IFERROR(INDEX('RAB 100%'!$A$8:$A$507,MATCH(A19,'RAB 100%'!$J$8:$J$507,0)),"") | C19: =IF(B19="","",SUMIF('RAB 100%'!$A$8:$A$507,B19,'RAB 100%'!$I$8:$I$507)) | D19: =IFERROR(IF(B19="","",C19/$D$4),0)
... A507: 500 | B507: =IFERROR(INDEX('RAB 100%'!$A$8:$A$507,MATCH(A507,'RAB 100%'!$J$8:$J$507,0)),"") | C507: =IF(B507="","",SUMIF('RAB 100%'!$A$8:$A$507,B507,'RAB 100%'!$I$8:$I$507)) | D507: =IFERROR(IF(B507="","",C507/$D$4),0)
